                  epoch,         train/box_loss,         train/cls_loss,         train/dfl_loss,   metrics/precision(B),      metrics/recall(B),       metrics/mAP50(B),    metrics/mAP50-95(B),           val/box_loss,           val/cls_loss,           val/dfl_loss,                 lr/pg0,                 lr/pg1,                 lr/pg2
                      1,                 3.9747,                 18.536,                   1.63,                0.73068,                0.11534,                0.06234,                0.03725,                 2.7668,                 4.9586,                 0.9873,              5.001e-05,              5.001e-05,              5.001e-05
                      2,                 3.1197,                 12.272,                 1.3469,                0.00278,                  0.125,                0.01608,                0.01116,                 2.6869,                 4.9978,                0.96894,             0.00011646,             0.00011646,             0.00011646
                      3,                 3.8981,                 8.7985,                 1.5217,                0.00065,                  0.125,                0.00048,                0.00034,                 2.7433,                 4.7931,                0.99412,             0.00018264,             0.00018264,             0.00018264
                      4,                 2.2136,                 6.8915,                 0.9432,                0.59581,                0.16667,                0.09012,                0.03055,                 2.6382,                 3.2687,                 0.9789,             0.00024856,             0.00024856,             0.00024856
                      5,                 3.0697,                 4.2041,                  1.242,                0.45023,                0.26499,                0.29497,                0.09393,                 2.6573,                 2.6021,                 1.0412,             0.00031422,             0.00031422,             0.00031422
                      6,                 3.0598,                 3.3384,                 1.0881,                 0.1761,                 0.3869,                 0.1821,                0.05567,                 2.7405,                 3.0916,                 1.0455,             0.00037961,             0.00037961,             0.00037961
                      7,                 2.8662,                 4.0172,                 1.0522,                0.06786,                0.44048,                0.14329,                0.04347,                 2.8227,                   4.41,                 1.0409,             0.00044474,             0.00044474,             0.00044474
                      8,                 2.5527,                 4.0044,                 1.0855,                0.26129,                0.19048,                0.21446,                0.05929,                 2.7728,                 3.2284,                 1.0285,             0.00050961,             0.00050961,             0.00050961
                      9,                 2.6794,                 2.7335,                 1.0509,                0.30936,                0.44048,                0.19677,                0.05477,                 2.5526,                 8.0842,                 1.0171,             0.00057421,             0.00057421,             0.00057421
                     10,                 2.8952,                 2.7529,                 1.0866,                 0.1824,                0.39286,                0.13302,                 0.0448,                 2.5599,                 37.227,                 1.0193,             0.00063854,             0.00063854,             0.00063854
                     11,                 3.0285,                 2.8569,                 1.1155,                0.14874,                0.50002,                0.13038,                0.04366,                 2.4726,                 53.559,                0.99935,             0.00070262,             0.00070262,             0.00070262
                     12,                  2.932,                 2.7729,                 1.0981,                0.13521,                0.58929,                0.12328,                 0.0369,                 2.6455,                 41.753,                 1.0107,             0.00076643,             0.00076643,             0.00076643
                     13,                  2.649,                 2.6529,                  1.059,                0.15079,                0.11905,                0.11166,                0.03483,                 2.6439,                 44.375,                 1.0135,             0.00082997,             0.00082997,             0.00082997
                     14,                 3.0994,                 2.4492,                 1.1453,                0.15517,                0.25726,                0.21067,                0.06414,                 2.5743,                 11.242,                 1.0046,             0.00089325,             0.00089325,             0.00089325
                     15,                 2.6234,                 2.4028,                 1.0631,                0.26128,                 0.3631,                0.26458,                0.08753,                 2.6555,                 3.0662,                 1.0108,             0.00095627,             0.00095627,             0.00095627
                     16,                 2.5413,                 1.9804,                 1.1482,                0.26128,                 0.3631,                0.26458,                0.08753,                 2.6555,                 3.0662,                 1.0108,               0.001019,               0.001019,               0.001019
                     17,                 2.9042,                 2.1946,                 1.1026,                 0.4056,                0.55033,                0.35785,                0.11601,                 2.4763,                 2.4611,                0.98118,              0.0010815,              0.0010815,              0.0010815
                     18,                  2.898,                 2.3051,                 1.1126,                0.30697,                0.53571,                 0.2688,                0.09147,                 2.4427,                 3.1093,                0.97491,              0.0011437,              0.0011437,              0.0011437
                     19,                 2.6761,                  2.384,                 1.0383,                0.30697,                0.53571,                 0.2688,                0.09147,                 2.4427,                 3.1093,                0.97491,              0.0012057,              0.0012057,              0.0012057
                     20,                 2.5736,                 2.4039,                 1.0157,                0.07978,                  0.625,                0.11839,                0.03823,                 2.5799,                 21.145,                0.98685,              0.0012674,              0.0012674,              0.0012674
                     21,                 2.4304,                 2.6214,                 1.0221,                 0.6424,                0.28571,                  0.163,                0.05414,                 2.7072,                  4.318,                 1.0523,              0.0013288,              0.0013288,              0.0013288
                     22,                 2.8341,                  2.483,                0.95881,                 0.6424,                0.28571,                  0.163,                0.05414,                 2.7072,                  4.318,                 1.0523,                0.00139,                0.00139,                0.00139
                     23,                 2.9806,                 2.3937,                 1.1609,                0.13376,                 0.5119,                0.19439,                0.06072,                 2.4979,                 2.4657,                0.99304,              0.0014509,              0.0014509,              0.0014509
                     24,                 2.8464,                 2.2679,                 1.0908,                0.13376,                 0.5119,                0.19439,                0.06072,                 2.4979,                 2.4657,                0.99304,              0.0015115,              0.0015115,              0.0015115
                     25,                 3.0251,                 2.2516,                 1.1728,                0.16274,                0.28571,                0.21144,                0.07358,                 2.3762,                 2.0638,                0.99567,              0.0015719,              0.0015719,              0.0015719
                     26,                 2.5221,                 2.1362,                 1.0502,                0.16274,                0.28571,                0.21144,                0.07358,                 2.3762,                 2.0638,                0.99567,              0.0015845,              0.0015845,              0.0015845
                     27,                 2.6341,                 2.1092,                   1.05,                0.13766,                0.28571,                0.18203,                 0.0659,                 2.4155,                 2.2513,                0.99666,              0.0015812,              0.0015812,              0.0015812
                     28,                 2.7483,                  2.047,                 1.0754,                0.13766,                0.28571,                0.18203,                 0.0659,                 2.4155,                 2.2513,                0.99666,              0.0015779,              0.0015779,              0.0015779
                     29,                 2.5492,                 1.9998,                 1.0653,                0.09533,                 0.2381,                0.09048,                 0.0349,                 2.4559,                 5.5359,                  1.004,              0.0015746,              0.0015746,              0.0015746
                     30,                 2.4741,                 2.0161,                 1.0718,                0.09533,                 0.2381,                0.09048,                 0.0349,                 2.4559,                 5.5359,                  1.004,              0.0015713,              0.0015713,              0.0015713
                     31,                 2.6463,                 2.0949,                  1.029,                0.09258,                0.28571,                0.09111,                0.03671,                 2.5149,                 4.9198,                 1.0214,               0.001568,               0.001568,               0.001568
                     32,                  2.748,                 1.9257,                 1.0939,                0.09258,                0.28571,                0.09111,                0.03671,                 2.5149,                 4.9198,                 1.0214,              0.0015647,              0.0015647,              0.0015647
                     33,                  2.456,                 2.0846,                 1.0067,                0.59263,                0.30919,                0.45778,                0.14526,                 2.4688,                   3.71,                0.99335,              0.0015614,              0.0015614,              0.0015614
                     34,                 2.6046,                 1.7063,                 1.0578,                0.59263,                0.30919,                0.45778,                0.14526,                 2.4688,                   3.71,                0.99335,              0.0015581,              0.0015581,              0.0015581
                     35,                 2.5679,                  2.069,                 1.0749,                0.30953,                0.23243,                0.26649,                0.07035,                 2.4716,                 2.3455,                0.98131,              0.0015548,              0.0015548,              0.0015548
                     36,                 2.9743,                 2.1656,                 1.0473,                0.30953,                0.23243,                0.26649,                0.07035,                 2.4716,                 2.3455,                0.98131,              0.0015515,              0.0015515,              0.0015515
                     37,                 2.1705,                 1.9922,                 1.0639,                0.86361,                0.19048,                 0.2975,                0.12467,                 2.2978,                 1.9028,                0.93723,              0.0015482,              0.0015482,              0.0015482
                     38,                 2.6158,                 1.9644,                 1.0662,                0.86361,                0.19048,                 0.2975,                0.12467,                 2.2978,                 1.9028,                0.93723,              0.0015449,              0.0015449,              0.0015449
                     39,                 2.6086,                  1.933,                 1.0193,                0.79094,                0.33333,                  0.393,                0.17163,                 2.2783,                 2.2839,                0.92887,              0.0015416,              0.0015416,              0.0015416
                     40,                 2.7276,                 1.9051,                 1.0687,                0.79094,                0.33333,                  0.393,                0.17163,                 2.2783,                 2.2839,                0.92887,              0.0015383,              0.0015383,              0.0015383
                     41,                 2.6614,                 1.9147,                 1.0385,                0.73364,                 0.3869,                0.48173,                0.15539,                  2.433,                 1.7926,                0.96485,               0.001535,               0.001535,               0.001535
                     42,                 2.7808,                 2.0656,                 1.0681,                0.73364,                 0.3869,                0.48173,                0.15539,                  2.433,                 1.7926,                0.96485,              0.0015317,              0.0015317,              0.0015317
                     43,                 2.5113,                  1.739,                 1.0793,                0.53036,                0.43452,                0.47109,                0.14048,                  2.605,                 2.4769,                 1.0014,              0.0015284,              0.0015284,              0.0015284
                     44,                 2.2639,                 1.7929,                0.93348,                0.53036,                0.43452,                0.47109,                0.14048,                  2.605,                 2.4769,                 1.0014,              0.0015251,              0.0015251,              0.0015251
                     45,                 2.6749,                 1.8231,                 1.0804,                0.51311,                0.45833,                0.37484,                0.12305,                 2.9384,                 4.2803,                 1.1241,              0.0015218,              0.0015218,              0.0015218
                     46,                 2.5409,                 2.0888,                 1.0924,                0.51311,                0.45833,                0.37484,                0.12305,                 2.9384,                 4.2803,                 1.1241,              0.0015185,              0.0015185,              0.0015185
                     47,                 2.7472,                 1.6153,                 1.0397,                0.27897,                0.57738,                0.44559,                0.15815,                 2.4998,                 2.8946,                0.99782,              0.0015152,              0.0015152,              0.0015152
                     48,                 2.5726,                 1.5732,                0.98357,                0.27897,                0.57738,                0.44559,                0.15815,                 2.4998,                 2.8946,                0.99782,              0.0015119,              0.0015119,              0.0015119
                     49,                 2.4899,                 1.6963,                0.99963,                0.72962,                0.33333,                0.24814,                0.10719,                 2.2762,                 2.6197,                0.95473,              0.0015086,              0.0015086,              0.0015086
                     50,                  2.377,                 1.5316,                0.98467,                0.72962,                0.33333,                0.24814,                0.10719,                 2.2762,                 2.6197,                0.95473,              0.0015053,              0.0015053,              0.0015053
                     51,                 2.3347,                 1.6686,                 1.0315,                0.70055,                0.33333,                0.23598,                0.09046,                 2.3236,                 2.7322,                0.96682,               0.001502,               0.001502,               0.001502
                     52,                 2.4723,                 2.2582,                   1.09,                0.70055,                0.33333,                0.23598,                0.09046,                 2.3236,                 2.7322,                0.96682,              0.0014987,              0.0014987,              0.0014987
                     53,                 2.5208,                 1.7923,                 1.0441,                0.18371,                0.72619,                0.42772,                0.12021,                 2.3966,                 3.0253,                0.98441,              0.0014954,              0.0014954,              0.0014954
                     54,                 3.0418,                 2.2701,                 1.0747,                0.18371,                0.72619,                0.42772,                0.12021,                 2.3966,                 3.0253,                0.98441,              0.0014921,              0.0014921,              0.0014921
                     55,                 2.6902,                  1.661,                 1.0518,                0.69098,                0.33333,                0.33713,                0.10551,                  2.425,                 2.3116,                 0.9989,              0.0014888,              0.0014888,              0.0014888
                     56,                 2.6749,                 1.7014,                 1.0917,                0.69098,                0.33333,                0.33713,                0.10551,                  2.425,                 2.3116,                 0.9989,              0.0014855,              0.0014855,              0.0014855
                     57,                 2.6608,                 1.6549,                 1.0279,                0.20137,                0.61498,                 0.3126,                0.10208,                 2.4797,                 1.7711,                0.99656,              0.0014822,              0.0014822,              0.0014822
                     58,                 2.2443,                 1.6282,                0.98423,                0.20137,                0.61498,                 0.3126,                0.10208,                 2.4797,                 1.7711,                0.99656,              0.0014789,              0.0014789,              0.0014789
                     59,                 2.1966,                 1.6839,                0.98865,                0.47445,                0.43452,                0.47695,                0.20824,                 2.4159,                 1.7233,                0.99231,              0.0014756,              0.0014756,              0.0014756
                     60,                 2.6052,                 1.9478,                 1.1118,                0.47445,                0.43452,                0.47695,                0.20824,                 2.4159,                 1.7233,                0.99231,              0.0014723,              0.0014723,              0.0014723
                     61,                 2.3234,                 1.7199,                0.97678,                0.25286,                0.57738,                0.40768,                0.17797,                 2.3651,                 2.4825,                0.96342,               0.001469,               0.001469,               0.001469
                     62,                 2.0694,                 1.3174,                0.95713,                0.25286,                0.57738,                0.40768,                0.17797,                 2.3651,                 2.4825,                0.96342,              0.0014657,              0.0014657,              0.0014657
                     63,                 2.2915,                 1.4692,                 1.0429,                0.76721,                0.33333,                0.38909,                0.14728,                 2.2762,                 2.1538,                0.92024,              0.0014624,              0.0014624,              0.0014624
                     64,                 2.7497,                 1.9948,                 1.0857,                0.76721,                0.33333,                0.38909,                0.14728,                 2.2762,                 2.1538,                0.92024,              0.0014591,              0.0014591,              0.0014591
                     65,                 2.5664,                 1.5849,                 1.0389,                0.49782,                0.52976,                0.49802,                0.19391,                 2.2394,                 1.8213,                0.91409,              0.0014558,              0.0014558,              0.0014558
                     66,                 2.4381,                 1.6925,                  1.073,                0.49782,                0.52976,                0.49802,                0.19391,                 2.2394,                 1.8213,                0.91409,              0.0014525,              0.0014525,              0.0014525
                     67,                  2.114,                  1.483,                0.96687,                0.37831,                0.65019,                0.51105,                0.18205,                 2.2309,                 1.6586,                0.92141,              0.0014492,              0.0014492,              0.0014492
                     68,                 2.6406,                 1.4886,                0.96909,                0.37831,                0.65019,                0.51105,                0.18205,                 2.2309,                 1.6586,                0.92141,              0.0014459,              0.0014459,              0.0014459
                     69,                 2.3562,                 1.3702,                0.93352,                0.53985,                0.80357,                0.61231,                0.20996,                 2.3025,                 1.6893,                0.91893,              0.0014426,              0.0014426,              0.0014426
                     70,                  2.511,                 1.7984,                 1.0101,                0.53985,                0.80357,                0.61231,                0.20996,                 2.3025,                 1.6893,                0.91893,              0.0014393,              0.0014393,              0.0014393
                     71,                 2.4016,                 1.5007,                0.93735,                0.56647,                0.70181,                0.64802,                0.26338,                 2.2528,                 1.4489,                0.91381,               0.001436,               0.001436,               0.001436
                     72,                 2.5583,                 1.6432,                0.99815,                0.56647,                0.70181,                0.64802,                0.26338,                 2.2528,                 1.4489,                0.91381,              0.0014327,              0.0014327,              0.0014327
                     73,                  2.131,                 1.2627,                 1.0482,                0.42717,                0.80357,                0.63161,                0.25208,                 2.2283,                 1.3794,                0.91547,              0.0014294,              0.0014294,              0.0014294
                     74,                  2.075,                 1.4488,                0.96145,                0.42717,                0.80357,                0.63161,                0.25208,                 2.2283,                 1.3794,                0.91547,              0.0014261,              0.0014261,              0.0014261
                     75,                 2.2575,                 1.4447,                0.94407,                0.59038,                0.43452,                0.55843,                0.19252,                 2.3728,                 1.4838,                0.94291,              0.0014228,              0.0014228,              0.0014228
                     76,                  2.262,                 1.4973,                 1.0216,                0.59038,                0.43452,                0.55843,                0.19252,                 2.3728,                 1.4838,                0.94291,              0.0014195,              0.0014195,              0.0014195
                     77,                 2.4283,                 1.7066,                0.99874,                0.68282,                 0.3869,                0.49036,                0.15677,                 2.3603,                 1.5949,                0.94805,              0.0014161,              0.0014161,              0.0014161
                     78,                 2.1322,                 1.3301,                  1.017,                0.68282,                 0.3869,                0.49036,                0.15677,                 2.3603,                 1.5949,                0.94805,              0.0014128,              0.0014128,              0.0014128
                     79,                 2.4256,                 1.4887,                0.93958,                0.71608,                0.37555,                0.45847,                0.14828,                 2.5175,                 1.7733,                0.97376,              0.0014095,              0.0014095,              0.0014095
                     80,                  2.827,                 1.7279,                0.97721,                0.71608,                0.37555,                0.45847,                0.14828,                 2.5175,                 1.7733,                0.97376,              0.0014062,              0.0014062,              0.0014062
                     81,                 2.1705,                 1.3476,                0.95302,                0.67832,                 0.3869,                0.45406,                0.13663,                 2.5676,                 1.5036,                0.98268,              0.0014029,              0.0014029,              0.0014029
                     82,                 2.0521,                 1.2841,                0.96066,                0.67832,                 0.3869,                0.45406,                0.13663,                 2.5676,                 1.5036,                0.98268,              0.0013996,              0.0013996,              0.0013996
                     83,                 2.0042,                 1.2395,                0.92783,                0.67901,                0.43452,                0.39638,                0.09339,                 2.7685,                 1.4684,                 1.0389,              0.0013963,              0.0013963,              0.0013963
                     84,                 2.4302,                 1.5771,                 1.0236,                0.67901,                0.43452,                0.39638,                0.09339,                 2.7685,                 1.4684,                 1.0389,               0.001393,               0.001393,               0.001393
                     85,                 2.2088,                 1.5857,                 0.8992,                0.48164,                0.41071,                0.36517,                0.07542,                  2.802,                 1.5395,                 1.0441,              0.0013897,              0.0013897,              0.0013897
                     86,                 2.2781,                 1.6236,                  0.944,                0.48164,                0.41071,                0.36517,                0.07542,                  2.802,                 1.5395,                 1.0441,              0.0013864,              0.0013864,              0.0013864
                     87,                 2.2198,                 1.3788,                0.95858,                0.55077,                0.31548,                0.38757,                 0.0699,                 2.8522,                 1.6731,                 1.0371,              0.0013831,              0.0013831,              0.0013831
                     88,                 2.3106,                 1.6795,                 1.0025,                0.55077,                0.31548,                0.38757,                 0.0699,                 2.8522,                 1.6731,                 1.0371,              0.0013798,              0.0013798,              0.0013798
                     89,                 2.0164,                 1.2812,                0.96247,                0.32543,                0.37242,                0.30824,                0.05334,                  2.984,                 1.8314,                 1.0772,              0.0013765,              0.0013765,              0.0013765
                     90,                 2.1741,                 1.3514,                0.95608,                0.32543,                0.37242,                0.30824,                0.05334,                  2.984,                 1.8314,                 1.0772,              0.0013732,              0.0013732,              0.0013732
                     91,                 2.0392,                 1.3478,                0.99275,                0.19264,                0.39286,                0.27804,                0.04262,                 3.0838,                  2.067,                 1.1225,              0.0013699,              0.0013699,              0.0013699
                     92,                 2.4482,                 1.4203,                 0.9767,                0.19264,                0.39286,                0.27804,                0.04262,                 3.0838,                  2.067,                 1.1225,              0.0013666,              0.0013666,              0.0013666
                     93,                 2.4801,                 1.3274,                 1.0402,                0.52776,                0.32138,                0.35316,                0.08758,                  3.166,                 2.1883,                  1.131,              0.0013633,              0.0013633,              0.0013633
                     94,                 2.3012,                 1.5049,                0.94701,                0.52776,                0.32138,                0.35316,                0.08758,                  3.166,                 2.1883,                  1.131,                0.00136,                0.00136,                0.00136
                     95,                  2.367,                 1.8498,                 0.9611,                0.50908,                 0.4086,                0.39189,                0.20512,                  3.213,                 2.6931,                 1.1299,              0.0013567,              0.0013567,              0.0013567
                     96,                 2.6354,                 1.4763,                0.97587,                0.50908,                 0.4086,                0.39189,                0.20512,                  3.213,                 2.6931,                 1.1299,              0.0013534,              0.0013534,              0.0013534
                     97,                 2.1743,                 1.2682,                0.94903,                0.55285,                0.43656,                0.40048,                 0.1803,                 3.6155,                  2.491,                  1.179,              0.0013501,              0.0013501,              0.0013501
                     98,                 2.2792,                 1.3926,                 1.0064,                0.55285,                0.43656,                0.40048,                 0.1803,                 3.6155,                  2.491,                  1.179,              0.0013468,              0.0013468,              0.0013468
                     99,                 2.0607,                 1.1915,                 0.9365,                0.47339,                  0.375,                0.37806,                0.12211,                 3.9823,                 2.1489,                 1.2645,              0.0013435,              0.0013435,              0.0013435
                    100,                 2.1155,                 1.6597,                0.91974,                0.47339,                  0.375,                0.37806,                0.12211,                 3.9823,                 2.1489,                 1.2645,              0.0013402,              0.0013402,              0.0013402
                    101,                 2.0644,                 1.5249,                0.97319,                0.93473,                  0.375,                0.37765,                  0.135,                 3.9778,                 2.0484,                 1.3214,              0.0013369,              0.0013369,              0.0013369
                    102,                 2.0479,                 1.2091,                0.91521,                0.93473,                  0.375,                0.37765,                  0.135,                 3.9778,                 2.0484,                 1.3214,              0.0013336,              0.0013336,              0.0013336
                    103,                 2.1669,                 1.2791,                0.96564,                 0.2257,                   0.25,                0.23878,                0.07379,                 3.9514,                 2.0623,                 1.3294,              0.0013303,              0.0013303,              0.0013303
                    104,                 2.3067,                 1.3015,                0.97972,                 0.2257,                   0.25,                0.23878,                0.07379,                 3.9514,                 2.0623,                 1.3294,               0.001327,               0.001327,               0.001327
                    105,                 2.2282,                 1.2759,                0.96991,                0.59156,                0.14881,                0.21572,                0.04187,                 3.8924,                 2.1544,                 1.2758,              0.0013237,              0.0013237,              0.0013237
                    106,                 2.0696,                 1.2744,                 0.9143,                0.59156,                0.14881,                0.21572,                0.04187,                 3.8924,                 2.1544,                 1.2758,              0.0013204,              0.0013204,              0.0013204
                    107,                 2.1387,                 1.2698,                0.96291,                0.45022,                0.14881,                0.19792,                0.03561,                 3.7028,                  2.422,                 1.2101,              0.0013171,              0.0013171,              0.0013171
                    108,                 1.8328,                   1.13,                0.95614,                0.45022,                0.14881,                0.19792,                0.03561,                 3.7028,                  2.422,                 1.2101,              0.0013138,              0.0013138,              0.0013138
                    109,                 1.8668,                  1.233,                0.94902,                0.85372,                0.02381,                0.04211,                0.00903,                 3.8689,                  2.642,                  1.261,              0.0013105,              0.0013105,              0.0013105
                    110,                 2.1834,                  1.227,                0.97114,                0.85372,                0.02381,                0.04211,                0.00903,                 3.8689,                  2.642,                  1.261,              0.0013072,              0.0013072,              0.0013072
                    111,                 2.0589,                 1.2228,                0.93637,                0.04624,                0.04762,                0.04237,                0.01437,                 3.9119,                 2.4279,                 1.2747,              0.0013039,              0.0013039,              0.0013039
                    112,                 1.9368,                 1.1328,                0.92854,                0.04624,                0.04762,                0.04237,                0.01437,                 3.9119,                 2.4279,                 1.2747,              0.0013006,              0.0013006,              0.0013006
                    113,                 2.4227,                 1.4492,                0.96146,                0.94325,                0.02381,                0.05086,                0.02005,                 3.8698,                 2.4764,                  1.257,              0.0012973,              0.0012973,              0.0012973
                    114,                 2.2336,                 1.2226,                0.91128,                0.94325,                0.02381,                0.05086,                0.02005,                 3.8698,                 2.4764,                  1.257,               0.001294,               0.001294,               0.001294
                    115,                 2.1332,                 1.2688,                0.97503,                 0.1642,                0.24405,                0.12874,                0.03854,                 3.6886,                 2.2698,                 1.1859,              0.0012907,              0.0012907,              0.0012907
                    116,                 2.3991,                 1.3184,                0.93156,                 0.1642,                0.24405,                0.12874,                0.03854,                 3.6886,                 2.2698,                 1.1859,              0.0012874,              0.0012874,              0.0012874
                    117,                 2.0204,                 1.1005,                0.98354,                0.37929,                0.51953,                0.36338,                0.11519,                 2.8539,                 1.6454,                 1.0216,              0.0012841,              0.0012841,              0.0012841
                    118,                 2.2058,                 1.3579,                0.95179,                0.37929,                0.51953,                0.36338,                0.11519,                 2.8539,                 1.6454,                 1.0216,              0.0012808,              0.0012808,              0.0012808
                    119,                 2.4366,                 1.3105,                 1.0331,                0.43817,                0.31548,                0.29357,                0.09988,                 3.0183,                 1.6828,                 1.0294,              0.0012775,              0.0012775,              0.0012775
                    120,                 2.1536,                 1.1846,                0.91831,                0.43817,                0.31548,                0.29357,                0.09988,                 3.0183,                 1.6828,                 1.0294,              0.0012742,              0.0012742,              0.0012742
                    121,                 2.2433,                 1.5318,                0.93668,                0.21023,                0.24405,                0.10682,                0.03262,                 3.5444,                 2.1396,                 1.1691,              0.0012709,              0.0012709,              0.0012709
                    122,                 1.9187,                 1.1635,                0.80382,                0.21023,                0.24405,                0.10682,                0.03262,                 3.5444,                 2.1396,                 1.1691,              0.0012676,              0.0012676,              0.0012676
                    123,                 2.4039,                 1.4787,                 0.8601,                0.17362,                0.29167,                 0.1143,                0.03501,                 3.4936,                 2.3441,                 1.1761,              0.0012643,              0.0012643,              0.0012643
                    124,                 2.3416,                  1.368,                0.96364,                0.17362,                0.29167,                 0.1143,                0.03501,                 3.4936,                 2.3441,                 1.1761,               0.001261,               0.001261,               0.001261
                    125,                 2.2201,                 1.4012,                 1.0011,                0.28099,                 0.3869,                0.20144,                0.07479,                 3.0608,                 2.4645,                 1.0815,              0.0012577,              0.0012577,              0.0012577
                    126,                 2.0043,                 1.2451,                0.94205,                0.28099,                 0.3869,                0.20144,                0.07479,                 3.0608,                 2.4645,                 1.0815,              0.0012544,              0.0012544,              0.0012544
                    127,                 1.8703,                 1.1915,                0.83999,                0.30887,                0.57738,                0.35704,                0.14697,                 2.4445,                 2.7203,                0.96162,              0.0012511,              0.0012511,              0.0012511
                    128,                 1.9602,                  1.226,                0.93613,                0.30887,                0.57738,                0.35704,                0.14697,                 2.4445,                 2.7203,                0.96162,              0.0012478,              0.0012478,              0.0012478
                    129,                 2.2858,                 1.2654,                 1.0209,                0.34991,                0.57738,                0.40129,                0.18121,                 2.3638,                 2.5708,                0.95123,              0.0012445,              0.0012445,              0.0012445
                    130,                 2.1396,                 1.2656,                0.93108,                0.34991,                0.57738,                0.40129,                0.18121,                 2.3638,                 2.5708,                0.95123,              0.0012412,              0.0012412,              0.0012412
                    131,                 1.8748,                 1.1295,                0.90278,                0.36703,                0.45833,                0.39706,                0.16763,                 2.3949,                 1.8507,                0.95334,              0.0012379,              0.0012379,              0.0012379
                    132,                 2.1508,                  1.225,                0.92696,                0.36703,                0.45833,                0.39706,                0.16763,                 2.3949,                 1.8507,                0.95334,              0.0012346,              0.0012346,              0.0012346
                    133,                 1.9869,                 1.1388,                 0.9573,                0.38318,                0.38612,                0.32477,                0.10309,                 2.6278,                 1.6253,                0.97565,              0.0012313,              0.0012313,              0.0012313
                    134,                 1.6705,                 1.0116,                0.88365,                0.38318,                0.38612,                0.32477,                0.10309,                 2.6278,                 1.6253,                0.97565,               0.001228,               0.001228,               0.001228
                    135,                 1.8998,                 1.0355,                0.95191,                0.21992,                0.28058,                0.27948,                0.08818,                 2.7426,                 1.7164,                0.99855,              0.0012247,              0.0012247,              0.0012247
                    136,                  1.805,                0.97913,                0.92183,                0.21992,                0.28058,                0.27948,                0.08818,                 2.7426,                 1.7164,                0.99855,              0.0012214,              0.0012214,              0.0012214
                    137,                 2.0426,                  1.122,                0.95289,                0.79844,                0.21429,                0.26407,                 0.0858,                 2.6998,                 1.7463,                0.99699,              0.0012181,              0.0012181,              0.0012181
                    138,                 2.3588,                 1.2385,                 0.9664,                0.79844,                0.21429,                0.26407,                 0.0858,                 2.6998,                 1.7463,                0.99699,              0.0012148,              0.0012148,              0.0012148
                    139,                 2.2272,                 1.3204,                0.92714,                0.31979,                0.40455,                0.28037,                0.09868,                 2.5122,                 1.6241,                0.97476,              0.0012115,              0.0012115,              0.0012115
                    140,                 2.1269,                 1.1178,                0.89807,                0.31979,                0.40455,                0.28037,                0.09868,                 2.5122,                 1.6241,                0.97476,              0.0012082,              0.0012082,              0.0012082
                    141,                 1.9093,                 0.9706,                0.91671,                0.36971,                0.45833,                0.30617,                0.14409,                 2.3339,                 1.5329,                0.95011,              0.0012049,              0.0012049,              0.0012049
                    142,                 1.7973,                0.99024,                0.92405,                0.36971,                0.45833,                0.30617,                0.14409,                 2.3339,                 1.5329,                0.95011,              0.0012016,              0.0012016,              0.0012016
                    143,                   1.44,                 1.5558,                0.69113,                0.60822,                 0.3631,                0.42053,                0.18865,                 2.2302,                 1.4806,                0.92773,              0.0011983,              0.0011983,              0.0011983
                    144,                 2.0273,                 1.4419,                 1.0419,                0.60822,                 0.3631,                0.42053,                0.18865,                 2.2302,                 1.4806,                0.92773,               0.001195,               0.001195,               0.001195
                    145,                 2.0779,                 1.1633,                0.91931,                0.68046,                0.80952,                0.75005,                0.25753,                   2.25,                 1.3688,                0.91917,              0.0011917,              0.0011917,              0.0011917
                    146,                 2.0931,                 1.2423,                 1.0065,                0.68046,                0.80952,                0.75005,                0.25753,                   2.25,                 1.3688,                0.91917,              0.0011884,              0.0011884,              0.0011884
                    147,                 1.8891,                 1.0171,                0.93477,                0.61872,                 0.6369,                0.71389,                0.27393,                 2.1694,                 1.3793,                0.91462,              0.0011851,              0.0011851,              0.0011851
                    148,                 2.3674,                 1.3394,                0.98274,                0.61872,                 0.6369,                0.71389,                0.27393,                 2.1694,                 1.3793,                0.91462,              0.0011818,              0.0011818,              0.0011818
                    149,                  1.955,                 1.1478,                0.78936,                0.77042,                 0.6131,                0.71447,                0.28261,                 2.2281,                 1.3859,                0.93747,              0.0011785,              0.0011785,              0.0011785
                    150,                 1.6525,                0.89456,                0.92289,                0.77042,                 0.6131,                0.71447,                0.28261,                 2.2281,                 1.3859,                0.93747,              0.0011752,              0.0011752,              0.0011752
                    151,                 1.7369,                 1.0142,                0.90808,                0.53725,                0.70833,                0.61254,                0.22355,                 2.3735,                 1.5073,                0.97841,              0.0011719,              0.0011719,              0.0011719
                    152,                 1.9564,                  1.207,                 0.9353,                0.53725,                0.70833,                0.61254,                0.22355,                 2.3735,                 1.5073,                0.97841,              0.0011686,              0.0011686,              0.0011686
                    153,                 1.8378,                 1.0285,                0.89657,                0.72862,                0.56121,                0.55599,                0.15935,                 2.5358,                 1.7601,                 1.0086,              0.0011653,              0.0011653,              0.0011653
                    154,                 1.8997,                 1.0255,                0.89785,                0.72862,                0.56121,                0.55599,                0.15935,                 2.5358,                 1.7601,                 1.0086,               0.001162,               0.001162,               0.001162
                    155,                 1.8588,                 1.0415,                0.94581,                0.40295,                0.45833,                0.35107,                0.11783,                 2.7424,                 1.9249,                 1.0344,              0.0011587,              0.0011587,              0.0011587
                    156,                 1.8962,                0.99919,                0.89819,                0.40295,                0.45833,                0.35107,                0.11783,                 2.7424,                 1.9249,                 1.0344,              0.0011554,              0.0011554,              0.0011554
                    157,                 1.7628,                 1.0423,                0.91584,                0.32539,                0.48214,                0.31667,                0.10414,                  2.871,                  1.946,                 1.0473,              0.0011521,              0.0011521,              0.0011521
                    158,                 1.9131,                 1.0634,                0.92039,                0.32539,                0.48214,                0.31667,                0.10414,                  2.871,                  1.946,                 1.0473,              0.0011488,              0.0011488,              0.0011488
                    159,                 1.9006,                 1.0986,                0.87141,                0.47654,                0.53571,                0.44925,                0.11278,                 2.8704,                 1.7804,                 1.0374,              0.0011455,              0.0011455,              0.0011455
                    160,                 1.7329,                 1.0444,                 0.9489,                0.47654,                0.53571,                0.44925,                0.11278,                 2.8704,                 1.7804,                 1.0374,              0.0011422,              0.0011422,              0.0011422
                    161,                 2.1143,                 1.3467,                0.91279,                0.61671,                0.55952,                0.61229,                0.18551,                 2.6928,                 1.5901,                 1.0076,              0.0011389,              0.0011389,              0.0011389
                    162,                 1.9109,                0.94862,                0.95097,                0.61671,                0.55952,                0.61229,                0.18551,                 2.6928,                 1.5901,                 1.0076,              0.0011356,              0.0011356,              0.0011356
                    163,                 1.9469,                0.95917,                0.93442,                 0.6778,                0.77039,                0.77306,                 0.2409,                 2.6154,                 1.5271,                 0.9892,              0.0011323,              0.0011323,              0.0011323
                    164,                 1.9013,                0.94033,                0.92231,                 0.6778,                0.77039,                0.77306,                 0.2409,                 2.6154,                 1.5271,                 0.9892,               0.001129,               0.001129,               0.001129
                    165,                 1.8204,                0.98237,                0.88585,                0.67505,                0.71986,                0.70162,                0.25978,                 2.5479,                  1.562,                 0.9711,              0.0011257,              0.0011257,              0.0011257
                    166,                 1.9211,                  1.018,                0.90394,                0.67505,                0.71986,                0.70162,                0.25978,                 2.5479,                  1.562,                 0.9711,              0.0011224,              0.0011224,              0.0011224
                    167,                 1.8912,                 1.0495,                0.88518,                0.65054,                0.77059,                0.71853,                0.24707,                 2.5608,                 1.8847,                 0.9698,              0.0011191,              0.0011191,              0.0011191
                    168,                 1.7657,                 1.0145,                0.89738,                0.65054,                0.77059,                0.71853,                0.24707,                 2.5608,                 1.8847,                 0.9698,              0.0011158,              0.0011158,              0.0011158
                    169,                 1.8964,                 1.0904,                0.89174,                0.64178,                0.77544,                0.71073,                0.19375,                 2.6705,                 2.0437,                0.99445,              0.0011125,              0.0011125,              0.0011125
                    170,                 1.7889,                 1.0317,                0.87083,                0.64178,                0.77544,                0.71073,                0.19375,                 2.6705,                 2.0437,                0.99445,              0.0011092,              0.0011092,              0.0011092
                    171,                  2.004,                 1.1092,                 0.8844,                0.66473,                0.78197,                 0.7143,                0.18104,                 2.7038,                 1.7712,                 1.0099,              0.0011059,              0.0011059,              0.0011059
                    172,                 2.1657,                 1.3437,                0.90185,                0.66473,                0.78197,                 0.7143,                0.18104,                 2.7038,                 1.7712,                 1.0099,              0.0011026,              0.0011026,              0.0011026
                    173,                 2.3128,                 1.1922,                0.89384,                0.77622,                 0.6609,                0.71607,                0.21904,                 2.6178,                 1.5777,                 1.0123,              0.0010993,              0.0010993,              0.0010993
                    174,                 1.7213,                0.95024,                0.86205,                0.77622,                 0.6609,                0.71607,                0.21904,                 2.6178,                 1.5777,                 1.0123,               0.001096,               0.001096,               0.001096
                    175,                  1.872,                 1.0635,                 0.8964,                0.73777,                0.66402,                0.67044,                0.21188,                 2.6501,                  1.594,                 1.0266,              0.0010927,              0.0010927,              0.0010927
                    176,                 1.8765,                 1.0776,                0.89691,                0.73777,                0.66402,                0.67044,                0.21188,                 2.6501,                  1.594,                 1.0266,              0.0010894,              0.0010894,              0.0010894
                    177,                  2.036,                0.98585,                0.94535,                0.67712,                0.55952,                0.55774,                0.21199,                 2.7263,                 1.7023,                 1.0376,              0.0010861,              0.0010861,              0.0010861
                    178,                 2.0776,                 1.1673,                0.91629,                0.67712,                0.55952,                0.55774,                0.21199,                 2.7263,                 1.7023,                 1.0376,              0.0010828,              0.0010828,              0.0010828
                    179,                 2.0848,                 1.1579,                0.94629,                0.82943,                0.48772,                0.51533,                0.18467,                 2.8312,                 1.8427,                 1.0427,              0.0010795,              0.0010795,              0.0010795
                    180,                 1.7186,                 0.9962,                0.89662,                0.82943,                0.48772,                0.51533,                0.18467,                 2.8312,                 1.8427,                 1.0427,              0.0010762,              0.0010762,              0.0010762
                    181,                  1.735,                0.94728,                0.88825,                 0.7651,                0.46429,                0.46959,                0.14558,                 3.0202,                 2.2928,                 1.0542,              0.0010729,              0.0010729,              0.0010729
                    182,                 1.9089,                0.98233,                0.89425,                 0.7651,                0.46429,                0.46959,                0.14558,                 3.0202,                 2.2928,                 1.0542,              0.0010696,              0.0010696,              0.0010696
                    183,                 1.9007,                 1.0548,                0.90104,                 0.6504,                 0.5119,                0.46074,                0.16253,                 2.9832,                 2.7399,                 1.0475,              0.0010663,              0.0010663,              0.0010663
                    184,                 1.6701,                 1.0648,                0.89097,                 0.6504,                 0.5119,                0.46074,                0.16253,                 2.9832,                 2.7399,                 1.0475,               0.001063,               0.001063,               0.001063
                    185,                 2.0705,                  1.117,                0.89014,                0.61319,                 0.5119,                0.46258,                 0.2186,                  2.834,                 3.0601,                 1.0276,              0.0010597,              0.0010597,              0.0010597
                    186,                  1.985,                 1.0743,                0.91978,                0.61319,                 0.5119,                0.46258,                 0.2186,                  2.834,                 3.0601,                 1.0276,              0.0010564,              0.0010564,              0.0010564
                    187,                 1.7426,                 0.9272,                0.91766,                0.64153,                0.60714,                0.49378,                0.23926,                 2.6274,                 2.4662,                0.98746,              0.0010531,              0.0010531,              0.0010531
                    188,                 1.8332,                 0.9956,                0.89419,                0.64153,                0.60714,                0.49378,                0.23926,                 2.6274,                 2.4662,                0.98746,              0.0010498,              0.0010498,              0.0010498
                    189,                 2.0836,                 1.0864,                0.94575,                0.63821,                0.58686,                0.50769,                0.24202,                 2.5554,                 1.9509,                0.97175,              0.0010465,              0.0010465,              0.0010465
                    190,                  1.811,                0.83644,                0.93382,                0.63821,                0.58686,                0.50769,                0.24202,                 2.5554,                 1.9509,                0.97175,              0.0010432,              0.0010432,              0.0010432
                    191,                 1.8158,                 1.2953,                0.88771,                0.42586,                0.45833,                0.41171,                0.16808,                 2.5055,                 1.7347,                0.96177,              0.0010399,              0.0010399,              0.0010399
                    192,                 1.8666,                 1.1907,                0.90534,                0.42586,                0.45833,                0.41171,                0.16808,                 2.5055,                 1.7347,                0.96177,              0.0010366,              0.0010366,              0.0010366
                    193,                 1.8095,                 1.1103,                0.79069,                0.21147,                0.30952,                0.25165,                 0.1069,                 2.5755,                 1.8129,                0.97463,              0.0010333,              0.0010333,              0.0010333
                    194,                 1.9391,                 1.1013,                0.90513,                0.21147,                0.30952,                0.25165,                 0.1069,                 2.5755,                 1.8129,                0.97463,                0.00103,                0.00103,                0.00103
                    195,                  1.825,                0.92522,                0.90697,                0.37167,                0.16667,                0.21846,                0.09731,                 2.7296,                 1.9072,                 1.0124,              0.0010267,              0.0010267,              0.0010267
                    196,                 1.7127,                0.85836,                0.86767,                0.37167,                0.16667,                0.21846,                0.09731,                 2.7296,                 1.9072,                 1.0124,              0.0010234,              0.0010234,              0.0010234
                    197,                 1.8716,                 1.0245,                0.93618,                0.29535,                0.21429,                0.21807,                0.08793,                 2.8123,                 1.9116,                 1.0439,              0.0010201,              0.0010201,              0.0010201
                    198,                 1.9966,                 1.0335,                0.88868,                0.29535,                0.21429,                0.21807,                0.08793,                 2.8123,                 1.9116,                 1.0439,              0.0010168,              0.0010168,              0.0010168
                    199,                 2.0042,                 1.1194,                 0.9735,                0.42538,                0.40668,                0.29097,                0.09357,                 2.7753,                 1.9082,                   1.04,              0.0010135,              0.0010135,              0.0010135
                    200,                 1.6614,                0.87403,                0.88302,                0.42538,                0.40668,                0.29097,                0.09357,                 2.7753,                 1.9082,                   1.04,              0.0010102,              0.0010102,              0.0010102
                    201,                 1.9406,                 1.6141,                0.92758,                0.50365,                0.33929,                0.32018,                0.12167,                 2.5894,                 1.8188,                 1.0042,              0.0010069,              0.0010069,              0.0010069
                    202,                 1.6123,                0.86883,                0.89843,                0.50365,                0.33929,                0.32018,                0.12167,                 2.5894,                 1.8188,                 1.0042,              0.0010036,              0.0010036,              0.0010036
                    203,                 2.0179,                 1.1817,                0.90382,                0.68463,                0.68798,                0.63143,                0.20102,                 2.3347,                 1.6825,                0.96145,              0.0010003,              0.0010003,              0.0010003
                    204,                 2.0248,                 1.1365,                0.89848,                0.68463,                0.68798,                0.63143,                0.20102,                 2.3347,                 1.6825,                0.96145,             0.00099697,             0.00099697,             0.00099697
                    205,                 1.9025,                0.90252,                0.90162,                 0.7054,                0.70716,                0.63731,                0.27623,                 2.3153,                 1.7109,                0.94884,             0.00099367,             0.00099367,             0.00099367
                    206,                 1.7909,                 0.8999,                0.91241,                 0.7054,                0.70716,                0.63731,                0.27623,                 2.3153,                 1.7109,                0.94884,             0.00099036,             0.00099036,             0.00099036
                    207,                 1.7674,                0.96314,                0.89381,                0.73236,                0.63123,                0.62721,                 0.2607,                 2.3854,                 1.6673,                0.95103,             0.00098706,             0.00098706,             0.00098706
                    208,                 1.7476,                 0.8798,                0.87059,                0.73236,                0.63123,                0.62721,                 0.2607,                 2.3854,                 1.6673,                0.95103,             0.00098376,             0.00098376,             0.00098376
                    209,                 1.8054,                0.94033,                0.78732,                 0.7783,                0.39286,                0.55895,                0.22534,                  2.461,                  1.726,                0.95678,             0.00098046,             0.00098046,             0.00098046
                    210,                 1.2084,                 1.2438,                0.64442,                 0.7783,                0.39286,                0.55895,                0.22534,                  2.461,                  1.726,                0.95678,             0.00097716,             0.00097716,             0.00097716
                    211,                 1.5515,                0.83616,                0.84763,                 0.4547,                0.34245,                0.45046,                0.16101,                 2.5341,                 1.7881,                0.96827,             0.00097386,             0.00097386,             0.00097386
                    212,                 1.6619,                0.87012,                0.86928,                 0.4547,                0.34245,                0.45046,                0.16101,                 2.5341,                 1.7881,                0.96827,             0.00097056,             0.00097056,             0.00097056
                    213,                 1.2941,                 1.2691,                 0.6555,                0.53882,                0.36361,                0.41718,                0.16024,                 2.5255,                 1.7834,                0.96862,             0.00096726,             0.00096726,             0.00096726
                    214,                  1.942,                 1.0217,                 0.8578,                0.53882,                0.36361,                0.41718,                0.16024,                 2.5255,                 1.7834,                0.96862,             0.00096396,             0.00096396,             0.00096396
                    215,                 1.8115,                 0.9276,                0.85985,                0.77261,                 0.4881,                0.53252,                0.21986,                  2.491,                 1.7522,                0.96196,             0.00096066,             0.00096066,             0.00096066
                    216,                 1.5549,                0.78875,                0.87481,                0.77261,                 0.4881,                0.53252,                0.21986,                  2.491,                 1.7522,                0.96196,             0.00095736,             0.00095736,             0.00095736
                    217,                 1.7537,                 1.0171,                0.91851,                0.70064,                0.55817,                0.54351,                0.21816,                 2.4596,                 1.6567,                0.96168,             0.00095406,             0.00095406,             0.00095406
                    218,                 1.5952,                0.96292,                0.84827,                0.70064,                0.55817,                0.54351,                0.21816,                 2.4596,                 1.6567,                0.96168,             0.00095076,             0.00095076,             0.00095076
                    219,                 1.5981,                0.84872,                0.87707,                0.71549,                0.57288,                0.56549,                0.23016,                 2.4309,                  1.593,                 0.9587,             0.00094746,             0.00094746,             0.00094746
                    220,                 1.2203,                0.75974,                0.66683,                0.71549,                0.57288,                0.56549,                0.23016,                 2.4309,                  1.593,                 0.9587,             0.00094416,             0.00094416,             0.00094416
                    221,                 1.7245,                0.82894,                 0.8541,                0.74786,                0.58333,                0.60245,                0.23471,                 2.4682,                 1.5935,                0.96517,             0.00094085,             0.00094085,             0.00094085
                    222,                 1.7906,                 1.1108,                0.90623,                0.74786,                0.58333,                0.60245,                0.23471,                 2.4682,                 1.5935,                0.96517,             0.00093755,             0.00093755,             0.00093755
                    223,                 1.8473,                 1.0437,                0.83783,                0.56138,                0.43452,                  0.504,                0.21842,                 2.4778,                 1.6167,                0.97171,             0.00093425,             0.00093425,             0.00093425
                    224,                 1.6108,                0.77424,                0.89953,                0.56138,                0.43452,                  0.504,                0.21842,                 2.4778,                 1.6167,                0.97171,             0.00093095,             0.00093095,             0.00093095
                    225,                 2.0763,                 1.1396,                0.94993,                0.49765,                0.55357,                 0.4968,                0.22239,                 2.3589,                 1.6517,                0.95847,             0.00092765,             0.00092765,             0.00092765
                    226,                 1.6403,                0.91882,                0.90595,                0.49765,                0.55357,                 0.4968,                0.22239,                 2.3589,                 1.6517,                0.95847,             0.00092435,             0.00092435,             0.00092435
                    227,                 1.7169,                0.89344,                0.88273,                0.74606,                0.67857,                0.56429,                 0.2408,                 2.3181,                 1.6749,                0.95114,             0.00092105,             0.00092105,             0.00092105
                    228,                 1.6108,                0.81291,                0.85359,                0.74606,                0.67857,                0.56429,                 0.2408,                 2.3181,                 1.6749,                0.95114,             0.00091775,             0.00091775,             0.00091775
                    229,                 1.8419,                 1.4532,                0.92061,                0.74828,                0.67199,                0.55964,                0.25025,                 2.3576,                 1.6819,                0.95522,             0.00091445,             0.00091445,             0.00091445
                    230,                 1.6825,                0.81106,                0.91071,                0.74828,                0.67199,                0.55964,                0.25025,                 2.3576,                 1.6819,                0.95522,             0.00091115,             0.00091115,             0.00091115
                    231,                 1.9061,                 1.0712,                0.86256,                0.74461,                 0.6325,                0.57104,                0.22539,                 2.4633,                 1.7391,                0.97246,             0.00090785,             0.00090785,             0.00090785
                    232,                 1.6075,                0.82736,                0.87844,                0.74461,                 0.6325,                0.57104,                0.22539,                 2.4633,                 1.7391,                0.97246,             0.00090455,             0.00090455,             0.00090455
                    233,                 1.9259,                 1.4652,                0.76825,                0.75167,                0.67615,                0.70784,                0.25271,                 2.4585,                 1.7369,                0.96634,             0.00090125,             0.00090125,             0.00090125
                    234,                  1.591,                0.79825,                0.89731,                0.75167,                0.67615,                0.70784,                0.25271,                 2.4585,                 1.7369,                0.96634,             0.00089795,             0.00089795,             0.00089795
                    235,                 1.6109,                0.83432,                0.85634,                0.74198,                0.65476,                0.69093,                0.27424,                 2.4254,                  1.634,                0.95214,             0.00089465,             0.00089465,             0.00089465
                    236,                 1.7781,                0.87191,                0.92315,                0.74198,                0.65476,                0.69093,                0.27424,                 2.4254,                  1.634,                0.95214,             0.00089134,             0.00089134,             0.00089134
                    237,                 1.5783,                0.74661,                 0.8613,                0.73809,                 0.6634,                0.67337,                0.24363,                 2.4235,                 1.6073,                0.95588,             0.00088804,             0.00088804,             0.00088804
                    238,                 1.6487,                0.81792,                0.87389,                0.73809,                 0.6634,                0.67337,                0.24363,                 2.4235,                 1.6073,                0.95588,             0.00088474,             0.00088474,             0.00088474
                    239,                  1.375,                0.76386,                 0.8588,                0.80738,                0.56642,                0.62204,                0.22385,                 2.3429,                 1.5925,                0.94683,             0.00088144,             0.00088144,             0.00088144
                    240,                 1.5713,                0.78004,                0.85215,                0.80738,                0.56642,                0.62204,                0.22385,                 2.3429,                 1.5925,                0.94683,             0.00087814,             0.00087814,             0.00087814
                    241,                 1.9021,                0.95603,                0.88149,                0.76812,                 0.5287,                0.56869,                0.18091,                 2.4062,                 1.5855,                0.96128,             0.00087484,             0.00087484,             0.00087484
                    242,                 1.3469,                0.74315,                0.86877,                0.76812,                 0.5287,                0.56869,                0.18091,                 2.4062,                 1.5855,                0.96128,             0.00087154,             0.00087154,             0.00087154
                    243,                 1.6877,                0.83991,                0.83545,                0.37631,                0.48362,                0.34448,                0.12457,                 2.5537,                 1.6853,                0.99692,             0.00086824,             0.00086824,             0.00086824
                    244,                 2.0963,                0.98991,                0.86515,                0.37631,                0.48362,                0.34448,                0.12457,                 2.5537,                 1.6853,                0.99692,             0.00086494,             0.00086494,             0.00086494
                    245,                 1.4506,                0.78563,                0.84231,                0.37962,                0.40585,                0.31488,                0.10801,                 2.6566,                 1.8475,                 1.0146,             0.00086164,             0.00086164,             0.00086164
                    246,                 1.7781,                0.82156,                0.83073,                0.37962,                0.40585,                0.31488,                0.10801,                 2.6566,                 1.8475,                 1.0146,             0.00085834,             0.00085834,             0.00085834
                    247,                 1.6705,                0.86657,                0.85175,                0.66741,                0.50731,                0.45336,                0.14058,                 2.7217,                 1.9283,                 1.0182,             0.00085504,             0.00085504,             0.00085504
                    248,                 1.9262,                0.85742,                0.84542,                0.66741,                0.50731,                0.45336,                0.14058,                 2.7217,                 1.9283,                 1.0182,             0.00085174,             0.00085174,             0.00085174
                    249,                  1.699,                0.76749,                0.85401,                0.67663,                0.57842,                0.65835,                0.18598,                 2.6574,                  1.899,                 1.0034,             0.00084844,             0.00084844,             0.00084844
                    250,                 1.6005,                0.73704,                0.83938,                0.67663,                0.57842,                0.65835,                0.18598,                 2.6574,                  1.899,                 1.0034,             0.00084514,             0.00084514,             0.00084514
